-- MySQL dump 10.13  Distrib 8.0.40, for Win64 (x86_64)
--
-- Host: kahneman-wojtek-16f5.g.aivencloud.com    Database: defaultdb
-- ------------------------------------------------------
-- Server version	8.0.35

/*!40101 SET @OLD_CHARACTER_SET_CLIENT=@@CHARACTER_SET_CLIENT */;
/*!40101 SET @OLD_CHARACTER_SET_RESULTS=@@CHARACTER_SET_RESULTS */;
/*!40101 SET @OLD_COLLATION_CONNECTION=@@COLLATION_CONNECTION */;
/*!50503 SET NAMES utf8 */;
/*!40103 SET @OLD_TIME_ZONE=@@TIME_ZONE */;
/*!40103 SET TIME_ZONE='+00:00' */;
/*!40014 SET @OLD_UNIQUE_CHECKS=@@UNIQUE_CHECKS, UNIQUE_CHECKS=0 */;
/*!40014 SET @OLD_FOREIGN_KEY_CHECKS=@@FOREIGN_KEY_CHECKS, FOREIGN_KEY_CHECKS=0 */;
/*!40101 SET @OLD_SQL_MODE=@@SQL_MODE, SQL_MODE='NO_AUTO_VALUE_ON_ZERO' */;
/*!40111 SET @OLD_SQL_NOTES=@@SQL_NOTES, SQL_NOTES=0 */;
SET @MYSQLDUMP_TEMP_LOG_BIN = @@SESSION.SQL_LOG_BIN;
SET @@SESSION.SQL_LOG_BIN= 0;

--
-- GTID state at the beginning of the backup 
--

SET @@GLOBAL.GTID_PURGED=/*!80000 '+'*/ '21eb27b6-bef0-11ef-bf76-8ac1c3de949d:1-1579,
88f940c8-eca4-11ef-a247-1a9645f82d6e:1-191';

--
-- Table structure for table `false_hierarchy`
--

DROP TABLE IF EXISTS `false_hierarchy`;
/*!40101 SET @saved_cs_client     = @@character_set_client */;
/*!50503 SET character_set_client = utf8mb4 */;
CREATE TABLE `false_hierarchy` (
  `id` int NOT NULL AUTO_INCREMENT,
  `id_sesji` int NOT NULL,
  `max_czas` int NOT NULL,
  `czas_odpowiedzi` float NOT NULL,
  `wynik` tinyint(1) NOT NULL,
  PRIMARY KEY (`id`),
  KEY `id_sesji` (`id_sesji`),
  CONSTRAINT `false_hierarchy_ibfk_1` FOREIGN KEY (`id_sesji`) REFERENCES `sesja` (`id_sesji`) ON DELETE CASCADE ON UPDATE CASCADE
) ENGINE=InnoDB AUTO_INCREMENT=199 DEFAULT CHARSET=utf8mb4 COLLATE=utf8mb4_0900_ai_ci;
/*!40101 SET character_set_client = @saved_cs_client */;

--
-- Dumping data for table `false_hierarchy`
--

LOCK TABLES `false_hierarchy` WRITE;
/*!40000 ALTER TABLE `false_hierarchy` DISABLE KEYS */;
INSERT INTO `false_hierarchy` VALUES (1,11,5,3.5744,1),(2,12,5,2.40225,0),(3,13,5,4.9455,0),(4,14,5,1.28159,0),(5,17,5,3.98344,0),(6,19,5,0.513949,0),(7,19,5,0.668698,0),(8,20,5,3.00078,1),(9,21,5,3.90147,0),(10,22,5,2.14727,0),(11,22,5,1.12765,0),(12,22,5,2.99537,0),(13,26,5,0.522575,0),(14,27,5,1.97696,0),(15,26,5,2.25705,0),(16,28,5,2.8742,0),(17,29,5,4.33753,1),(18,30,5,1.69748,1),(19,31,5,4.31612,0),(20,33,5,2.84608,0),(21,34,5,3.11289,0),(22,36,5,4.02592,0),(23,37,5,1.43665,0),(24,37,5,0.405012,0),(25,38,5,4.5425,0),(26,39,5,0.866308,0),(27,40,5,1.25228,1),(28,41,5,0.507838,1),(29,42,5,4.26649,1),(30,47,5,4.75973,1),(31,54,5,2.47469,0),(32,55,5,1.68704,0),(33,56,5,3.70981,0),(34,58,5,3.69122,0),(35,59,5,1.18492,1),(36,60,5,4.35581,0),(37,61,5,4.98498,0),(38,62,5,1.16562,1),(39,63,5,3.52878,0),(40,64,5,3.94419,1),(41,65,5,0.91624,1),(42,66,5,4.32402,1),(43,67,5,2.45297,1),(44,68,5,4.66667,1),(45,69,5,1.72156,1),(46,70,5,4.82954,1),(47,73,5,0.969599,0),(48,74,5,1.30954,1),(49,75,5,1.09198,1),(50,76,30,27.3318,0),(51,77,5,3.86878,0),(52,80,5,1.101,0),(53,81,5,0.879,0),(54,82,30,0.582,0),(55,83,5,0.735,0),(56,84,5,0.859,0),(57,85,30,1.963,1),(58,86,30,1.359,1),(59,87,5,2.7,1),(60,88,30,5.029,0),(61,89,30,2.285,1),(62,90,5,1.545,0),(63,91,30,1.301,1),(64,92,5,1.055,1),(65,93,30,0.855,0),(66,94,5,1.121,0),(67,96,5,5.021,0),(68,101,30,5.054,0),(69,107,30,30.025,0),(70,108,30,30.031,0),(71,109,5,1.115,1),(72,109,30,5.531,0),(73,109,30,2.194,1),(74,109,30,4.249,1),(75,110,30,1.801,1),(76,110,30,38.271,0),(77,111,5,0.845,0),(78,112,5,5.022,0),(79,113,5,0.79,0),(80,114,30,1.768,1),(81,115,5,0.773,0),(82,116,5,0.656,0),(83,117,5,0.541,0),(84,118,5,2.408,1),(85,119,5,1.142,1),(86,120,30,1.136,0),(87,121,30,1.674,1),(88,122,30,1.125,1),(89,123,30,1.625,0),(90,124,5,5.036,0),(91,125,30,0.757,1),(92,126,5,1.836,1),(93,126,30,2227.04,0),(94,133,5,5.041,0),(95,135,30,0.871,1),(96,145,10,1.596,1),(97,148,10,0.989,0),(98,148,10,3.333,0),(99,149,30,0.802,0),(100,150,30,0.734,0),(101,151,10,0.244,1),(102,152,10,0.49,0),(103,153,30,0.848,0),(104,154,10,0.84,0),(105,155,30,0.573,0),(106,156,30,2.567,1),(107,157,10,0.723,0),(108,158,10,0.869,0),(109,159,30,0.466,0),(110,160,10,0.602,0),(111,161,30,0.904,0),(112,162,10,0.413,0),(113,163,30,0.953,0),(114,167,30,0.416,1),(115,169,10,4.863,1),(116,170,30,5.827,0),(117,172,10,1.153,0),(118,178,30,1.415,1),(119,179,30,6.007,1),(120,180,30,2.562,1),(121,181,30,14.422,0),(122,182,30,3.33,1),(123,184,30,5.679,1),(124,185,10,2.964,1),(125,200,10,4.07,0),(126,201,10,0.829,0),(127,202,10,0.6,0),(128,203,30,0.224,1),(129,204,10,0.674,0),(130,205,30,0.557,0),(131,207,30,0.763,0),(132,211,10,1.564,0),(133,212,10,6.849,1),(134,213,10,0.343,0),(135,214,30,1.101,0),(136,216,30,1.37,0),(137,217,30,0.382,0),(138,221,10,3.867,0),(139,223,10,0.45,0),(140,231,10,7.226,0),(141,232,10,9.427,0),(142,233,30,0.993,0),(143,234,10,0.685,0),(144,235,30,3.315,1),(145,236,30,0.893,0),(146,237,10,1.299,0),(147,238,10,0.922,0),(148,239,10,1.787,0),(149,240,30,0.607,0),(150,241,30,1.272,0),(151,242,10,0.898,0),(152,243,30,2.918,0),(153,244,10,0.356,0),(154,245,10,0.545,0),(155,246,30,0.59,0),(156,247,30,0.978,0),(157,248,30,0.591,0),(158,249,30,0.633,0),(159,250,10,0.53,0),(160,251,30,0.586,0),(161,252,10,0.598,0),(162,253,30,0.606,0),(163,254,10,1.101,0),(164,255,10,3.234,0),(165,256,10,0.599,0),(166,257,30,0.756,0),(167,258,30,0.55,0),(168,259,10,0.663,0),(169,260,10,0.532,0),(170,261,10,0.553,0),(171,262,30,3.809,0),(172,263,10,0.89,0),(173,265,30,0.617,0),(174,266,30,1.475,0),(175,267,10,0.518,0),(176,269,30,0.605,0),(177,270,10,3.382,0),(178,271,30,0.478,0),(179,272,10,326.329,0),(180,273,10,13.971,0),(181,274,30,0.783,0),(182,275,10,10.04,0),(183,276,10,0.562,0),(184,277,30,0.786,0),(185,278,10,10.031,0),(186,279,30,0.402,0),(187,282,10,0.746,0),(188,283,30,0.604,0),(189,284,10,0.531,0),(190,285,10,0.692,0),(191,286,10,0.635,0),(192,287,10,0.895,0),(193,288,30,0.536,0),(194,289,30,0.639,0),(195,290,10,0.679,0),(196,291,10,0.757,0),(197,292,30,0.642,0),(198,293,10,0.613,0);
/*!40000 ALTER TABLE `false_hierarchy` ENABLE KEYS */;
UNLOCK TABLES;

--
-- Table structure for table `framing`
--

DROP TABLE IF EXISTS `framing`;
/*!40101 SET @saved_cs_client     = @@character_set_client */;
/*!50503 SET character_set_client = utf8mb4 */;
CREATE TABLE `framing` (
  `id` int NOT NULL AUTO_INCREMENT,
  `id_sesji` int NOT NULL,
  `wersja` enum('negative','positive') NOT NULL,
  `czas_odpowiedzi` float NOT NULL,
  `wynik` tinyint(1) NOT NULL,
  PRIMARY KEY (`id`),
  KEY `id_sesji` (`id_sesji`),
  CONSTRAINT `framing_ibfk_1` FOREIGN KEY (`id_sesji`) REFERENCES `sesja` (`id_sesji`) ON DELETE CASCADE ON UPDATE CASCADE
) ENGINE=InnoDB AUTO_INCREMENT=66 DEFAULT CHARSET=utf8mb4 COLLATE=utf8mb4_0900_ai_ci;
/*!40101 SET character_set_client = @saved_cs_client */;

--
-- Dumping data for table `framing`
--

LOCK TABLES `framing` WRITE;
/*!40000 ALTER TABLE `framing` DISABLE KEYS */;
INSERT INTO `framing` VALUES (1,92,'positive',0.979,1),(2,93,'negative',4.626,1),(3,94,'positive',5.785,1),(4,114,'positive',30.023,1),(5,119,'positive',0.837,1),(6,120,'negative',0.736,1),(7,121,'negative',3.823,0),(8,122,'negative',1.571,1),(9,123,'positive',0.967,1),(10,124,'negative',1.141,1),(11,125,'negative',1.717,1),(12,133,'positive',26.492,0),(13,133,'negative',49.674,1),(14,135,'positive',1.831,0),(15,162,'positive',1.239,1),(16,163,'negative',0.962,1),(17,167,'negative',1.585,1),(18,170,'positive',4.315,1),(19,179,'negative',6.367,1),(20,180,'negative',8.038,1),(21,181,'negative',10.468,1),(22,182,'negative',3.206,1),(23,184,'negative',7.364,0),(24,185,'negative',4.229,1),(25,205,'positive',1.308,1),(26,207,'negative',0.851,1),(27,212,'positive',2.824,1),(28,213,'positive',0.483,1),(29,214,'negative',1.515,1),(30,216,'positive',1.551,1),(31,217,'negative',6.475,1),(32,221,'positive',1.412,0),(33,223,'positive',0.569,1),(34,235,'positive',0.762,1),(35,236,'negative',0.728,1),(36,238,'positive',2.223,1),(37,239,'negative',155.875,1),(38,240,'positive',7.384,1),(39,251,'positive',1.227,1),(40,253,'positive',12.386,1),(41,254,'positive',0.758,1),(42,258,'negative',30.025,1),(43,259,'negative',12.633,1),(44,261,'positive',30.044,1),(45,263,'positive',0.858,1),(46,265,'positive',0.516,1),(47,266,'positive',61.307,1),(48,267,'positive',30.028,0),(49,269,'positive',7.714,0),(50,270,'negative',1.772,0),(51,272,'positive',1.059,1),(52,273,'positive',0.479,1),(53,275,'negative',50.048,1),(54,277,'negative',0.605,1),(55,278,'positive',42.402,0),(56,282,'negative',0.826,1),(57,284,'positive',0.553,1),(58,286,'negative',0.809,1),(59,287,'negative',0.521,1),(60,288,'negative',0.662,1),(61,289,'positive',0.951,1),(62,290,'positive',0.607,1),(63,291,'negative',0.626,1),(64,292,'positive',0.609,1),(65,293,'negative',0.96,1);
/*!40000 ALTER TABLE `framing` ENABLE KEYS */;
UNLOCK TABLES;

--
-- Table structure for table `kolory`
--

DROP TABLE IF EXISTS `kolory`;
/*!40101 SET @saved_cs_client     = @@character_set_client */;
/*!50503 SET character_set_client = utf8mb4 */;
CREATE TABLE `kolory` (
  `id` int NOT NULL AUTO_INCREMENT,
  `id_sesji` int NOT NULL,
  `max_czas` int NOT NULL,
  `czas_odpowiedzi` float NOT NULL,
  `wynik` tinyint(1) NOT NULL,
  PRIMARY KEY (`id`),
  KEY `id_sesji` (`id_sesji`),
  CONSTRAINT `kolory_ibfk_1` FOREIGN KEY (`id_sesji`) REFERENCES `sesja` (`id_sesji`) ON DELETE CASCADE ON UPDATE CASCADE
) ENGINE=InnoDB AUTO_INCREMENT=253 DEFAULT CHARSET=utf8mb4 COLLATE=utf8mb4_0900_ai_ci;
/*!40101 SET character_set_client = @saved_cs_client */;

--
-- Dumping data for table `kolory`
--

LOCK TABLES `kolory` WRITE;
/*!40000 ALTER TABLE `kolory` DISABLE KEYS */;
INSERT INTO `kolory` VALUES (1,2,5,2.13007,1),(33,31,5,0.336602,0),(34,31,5,4.25079,0),(35,31,5,0.216555,0),(36,32,5,1.09454,0),(37,33,5,1.30621,0),(38,34,5,0.514142,0),(39,34,5,2.42598,0),(40,35,5,4.3247,1),(41,36,5,0.1914,1),(42,36,5,1.61146,0),(43,37,5,2.79255,0),(44,38,5,2.64713,0),(45,39,5,1.41453,0),(46,40,5,4.8078,0),(47,41,30,27.5018,0),(48,42,30,3.84034,0),(49,43,30,25.9357,0),(50,47,5,1.07941,0),(51,51,30,8.88717,1),(52,52,5,0.198382,1),(53,53,5,0.939354,1),(54,54,30,21.6594,0),(55,55,30,13.558,0),(56,56,30,21.8936,0),(57,56,5,0.854901,0),(58,56,30,15.3449,0),(59,57,30,26.7782,0),(60,58,5,0.868048,0),(61,59,5,3.37213,0),(62,60,5,0.0926584,0),(63,61,30,13.3876,0),(64,62,5,4.35028,0),(65,63,30,27.313,0),(66,64,30,21.5862,0),(67,65,5,4.77746,0),(68,66,30,8.674,0),(69,67,5,4.73607,0),(70,68,30,20.0623,0),(71,69,5,2.60565,0),(72,70,5,0.178164,0),(73,73,30,10.9089,1),(74,74,5,0.840306,0),(75,75,5,0.233877,0),(76,76,30,16.0771,0),(77,77,30,2142,0),(78,78,5,4550,0),(79,79,30,1.893,1),(80,80,30,0.834,0),(81,81,5,0.819,0),(82,82,30,0.943,0),(83,83,5,1.548,0),(84,84,5,0.708,0),(85,85,30,0.756,0),(86,86,5,1.037,0),(87,87,30,1.221,0),(88,88,5,0.949,0),(89,89,30,1.5,0),(90,90,30,1.152,0),(91,91,30,2.079,0),(92,92,30,0.799,0),(93,93,30,2.566,0),(94,94,30,0.724,0),(95,95,5,5.031,1),(96,96,30,30.023,1),(97,97,30,30.021,1),(98,98,30,30.031,1),(99,98,5,5.028,1),(100,99,5,5.049,1),(101,101,5,5.057,0),(102,102,30,30.023,0),(103,104,5,5.033,0),(104,105,30,0.799,1),(105,107,30,0.885,0),(106,107,5,39.697,0),(107,108,30,2.295,0),(108,109,30,0.738,0),(109,109,30,30.026,0),(110,110,30,0.968,0),(111,111,5,1.991,0),(112,112,5,0.888,0),(113,113,5,1.163,0),(114,114,30,0.734,0),(115,115,30,0.908,0),(116,116,5,0.966,0),(117,117,5,0.846,0),(118,118,30,0.825,0),(119,119,30,1.305,0),(120,120,30,0.906,0),(121,121,5,1.874,0),(122,122,30,1.031,1),(123,123,30,0.927,0),(124,124,30,5.759,0),(125,125,30,0.989,0),(126,126,5,5.021,0),(127,126,5,8.725,0),(128,133,5,4.947,1),(129,133,5,5.065,0),(130,135,30,1.414,0),(131,136,30,1.222,0),(132,137,30,0.764,0),(133,138,30,2.4,0),(134,142,10,2.974,0),(135,143,10,1.029,0),(136,145,10,1.01,0),(137,146,30,1.221,0),(138,147,10,0.627,0),(139,148,10,0.736,0),(140,149,10,0.702,0),(141,150,10,0.701,0),(142,151,10,0.58,0),(143,152,30,0.571,0),(144,153,10,0.887,0),(145,154,10,0.567,0),(146,155,30,0.66,0),(147,156,30,1.117,0),(148,157,30,0.802,0),(149,158,10,0.524,0),(150,159,10,0.592,0),(151,160,30,0.863,0),(152,161,10,0.736,0),(153,162,10,0.495,0),(154,163,10,1.025,0),(155,164,10,1.268,0),(156,165,10,2.118,1),(157,166,30,7.408,0),(158,167,30,0.68,0),(159,169,10,8.416,0),(160,170,30,3.338,0),(161,172,30,0.681,0),(162,176,30,0.73,0),(163,178,10,1.535,0),(164,179,30,9.156,1),(165,180,10,9.121,0),(166,181,30,11.313,1),(167,182,30,1.365,1),(168,183,10,10.026,0),(169,184,30,4.535,1),(170,185,10,2.914,1),(171,188,10,10.023,0),(172,189,10,10.027,0),(173,199,30,1.045,1),(174,200,30,1.478,0),(175,201,30,0.835,0),(176,202,10,1.008,0),(177,203,10,0.562,0),(178,204,10,0.554,0),(179,205,10,0.973,0),(180,206,10,1.794,0),(181,207,30,0.906,1),(182,208,30,1.12,0),(183,211,10,1.569,0),(184,212,30,4.703,0),(185,213,10,0.402,0),(186,214,10,0.638,0),(187,216,10,6.751,1),(188,217,10,0.539,0),(189,219,30,32.126,0),(190,221,30,3.694,0),(191,223,10,0.668,1),(192,224,30,4.635,0),(193,230,30,53.688,0),(194,231,10,0.809,0),(195,232,30,0.596,0),(196,233,30,0.58,0),(197,234,30,0.538,0),(198,235,30,0.569,0),(199,236,30,0.694,0),(200,237,10,0.822,0),(201,238,30,0.509,0),(202,239,30,2.411,0),(203,240,10,0.769,0),(204,241,10,0.441,0),(205,242,10,20.575,0),(206,243,10,1.479,0),(207,244,10,0.315,0),(208,245,10,0.552,0),(209,246,30,0.414,0),(210,247,10,0.625,0),(211,248,30,0.322,0),(212,249,10,0.645,0),(213,250,30,0.66,0),(214,251,30,0.287,0),(215,252,30,0.521,0),(216,253,10,0.554,0),(217,254,10,1.262,0),(218,255,30,0.55,1),(219,256,30,0.42,0),(220,257,30,0.448,0),(221,258,30,0.367,0),(222,259,10,0.554,0),(223,260,10,0.377,0),(224,261,30,0.394,0),(225,262,10,1.802,1),(226,263,10,0.419,0),(227,265,30,0.756,1),(228,266,10,2.317,0),(229,267,10,0.449,0),(230,269,10,0.369,0),(231,270,30,5.518,1),(232,271,10,0.583,0),(233,272,10,0.407,0),(234,273,10,1.279,0),(235,274,10,0.44,0),(236,275,10,23.082,0),(237,276,30,0.565,0),(238,277,30,1.409,0),(239,278,30,16.302,0),(240,279,10,0.534,0),(241,282,10,0.926,1),(242,283,30,0.455,0),(243,284,30,0.254,0),(244,285,10,0.573,0),(245,286,10,0.353,0),(246,287,30,6.108,1),(247,288,30,0.296,0),(248,289,10,0.357,0),(249,290,10,0.435,0),(250,291,10,0.393,0),(251,292,30,0.425,0),(252,293,30,0.577,0);
/*!40000 ALTER TABLE `kolory` ENABLE KEYS */;
UNLOCK TABLES;

--
-- Table structure for table `misdirections`
--

DROP TABLE IF EXISTS `misdirections`;
/*!40101 SET @saved_cs_client     = @@character_set_client */;
/*!50503 SET character_set_client = utf8mb4 */;
CREATE TABLE `misdirections` (
  `id` int NOT NULL AUTO_INCREMENT,
  `id_sesji` int NOT NULL,
  `max_czas` int NOT NULL,
  `czas_odpowiedzi` float NOT NULL,
  `wynik` tinyint(1) NOT NULL,
  PRIMARY KEY (`id`),
  KEY `id_sesji` (`id_sesji`),
  CONSTRAINT `misdirections_ibfk_1` FOREIGN KEY (`id_sesji`) REFERENCES `sesja` (`id_sesji`) ON DELETE CASCADE ON UPDATE CASCADE
) ENGINE=InnoDB AUTO_INCREMENT=151 DEFAULT CHARSET=utf8mb4 COLLATE=utf8mb4_0900_ai_ci;
/*!40101 SET character_set_client = @saved_cs_client */;

--
-- Dumping data for table `misdirections`
--

LOCK TABLES `misdirections` WRITE;
/*!40000 ALTER TABLE `misdirections` DISABLE KEYS */;
INSERT INTO `misdirections` VALUES (1,29,5,2.76046,1),(2,29,5,1.27282,0),(3,29,5,0.0742333,0),(4,30,5,1.85721,0),(5,39,5,2.61466,0),(6,40,5,3.06198,0),(7,56,5,3.9914,0),(8,56,5,4.66976,0),(9,59,5,1.8662,1),(10,60,5,2.22183,1),(11,61,5,3.62241,0),(12,62,5,0.273618,1),(13,63,5,2.38531,1),(14,64,5,0.0511086,1),(15,65,5,0.97583,0),(16,66,5,1.7353,1),(17,67,5,2.37081,1),(18,68,5,1.25304,0),(19,69,5,4.26724,1),(20,70,5,3.40866,0),(21,74,5,4.21196,0),(22,75,5,0.740163,0),(23,75,30,2.60382,0),(24,75,30,26.1256,1),(25,75,30,8.83303,1),(26,75,30,10.9565,0),(27,75,5,1.24384,0),(28,76,30,9.31241,1),(29,80,30,2.126,0),(30,81,5,0.567,1),(31,82,30,0.642,1),(32,83,30,1.439,1),(33,84,30,0.694,1),(34,85,5,0.794,1),(35,86,5,1.04,1),(36,87,30,0.918,1),(37,88,5,8.134,0),(38,89,30,0.59,0),(39,90,30,0.882,0),(40,91,5,0.531,1),(41,92,30,6.154,1),(42,93,5,0.638,1),(43,94,5,0.565,1),(44,109,5,5.023,0),(45,109,5,5.031,0),(46,110,30,1.149,1),(47,110,5,5.033,0),(48,111,5,1.848,1),(49,111,30,30.028,0),(50,112,30,18.405,1),(51,112,30,21.889,0),(52,113,5,0.661,0),(53,114,30,0.592,0),(54,115,5,0.591,1),(55,116,30,0.634,1),(56,117,5,0.769,1),(57,118,5,3.398,1),(58,119,5,1.006,1),(59,120,5,2.392,0),(60,121,30,1.497,1),(61,122,30,2.761,1),(62,123,5,1.581,1),(63,124,5,0.652,1),(64,125,5,1.033,1),(65,126,5,5.034,0),(66,133,30,28.663,1),(67,135,10,0.519,0),(68,152,10,1.258,1),(69,153,30,1.131,0),(70,154,30,0.675,1),(71,155,10,0.425,1),(72,156,30,1.338,0),(73,157,10,0.626,1),(74,158,30,0.585,1),(75,159,30,0.422,1),(76,160,30,0.454,1),(77,161,10,0.491,1),(78,162,10,0.441,1),(79,163,30,0.836,1),(80,167,30,163.611,0),(81,169,10,5.398,0),(82,170,10,1.936,0),(83,178,30,1.812,0),(84,179,30,3.11,1),(85,180,10,2.09,1),(86,181,30,9.125,0),(87,182,10,1.88,1),(88,184,30,3.679,1),(89,185,30,2.055,1),(90,200,30,3.043,1),(91,203,30,0.508,1),(92,204,30,0.736,1),(93,205,10,0.732,0),(94,207,30,1.743,1),(95,211,10,0.597,0),(96,212,10,21.622,0),(97,213,10,0.307,1),(98,214,30,0.298,1),(99,216,10,1.553,0),(100,217,10,0.325,1),(101,221,30,1.692,0),(102,223,30,0.492,0),(103,234,10,10.03,0),(104,235,30,1.534,0),(105,236,10,2.843,0),(106,238,30,3.111,0),(107,239,10,1.53,0),(108,240,10,10.018,0),(109,241,30,0.922,1),(110,242,10,17.601,0),(111,244,30,0.397,1),(112,245,30,0.474,1),(113,246,30,0.38,1),(114,247,30,0.646,1),(115,248,30,0.392,1),(116,249,30,0.409,1),(117,250,30,0.443,1),(118,251,30,0.367,1),(119,252,30,0.432,1),(120,253,30,0.535,1),(121,254,30,0.583,0),(122,258,10,2.922,0),(123,257,30,245.94,0),(124,259,10,1.103,0),(125,261,30,0.829,0),(126,263,10,10.477,0),(127,265,10,0.415,0),(128,266,30,0.869,0),(129,267,30,1.642,1),(130,269,10,0.58,1),(131,270,30,0.95,0),(132,271,10,0.716,0),(133,272,30,1.347,0),(134,273,30,11.664,0),(135,275,10,0.94,0),(136,276,30,0.312,1),(137,277,10,0.78,0),(138,278,10,0.124,1),(139,279,10,0.415,0),(140,282,10,0.514,0),(141,284,30,0.329,1),(142,285,30,0.52,1),(143,286,30,0.313,1),(144,287,30,0.749,0),(145,288,30,0.24,1),(146,289,10,0.322,1),(147,290,30,0.416,1),(148,291,30,0.386,1),(149,292,30,0.323,1),(150,293,10,0.608,0);
/*!40000 ALTER TABLE `misdirections` ENABLE KEYS */;
UNLOCK TABLES;

--
-- Table structure for table `preselections`
--

DROP TABLE IF EXISTS `preselections`;
/*!40101 SET @saved_cs_client     = @@character_set_client */;
/*!50503 SET character_set_client = utf8mb4 */;
CREATE TABLE `preselections` (
  `id` int NOT NULL AUTO_INCREMENT,
  `id_sesji` int NOT NULL,
  `max_czas` int NOT NULL,
  `czas_odpowiedzi` float NOT NULL,
  `wynik` tinyint(1) NOT NULL,
  PRIMARY KEY (`id`),
  KEY `id_sesji` (`id_sesji`),
  CONSTRAINT `preselections_ibfk_1` FOREIGN KEY (`id_sesji`) REFERENCES `sesja` (`id_sesji`) ON DELETE CASCADE ON UPDATE CASCADE
) ENGINE=InnoDB AUTO_INCREMENT=111 DEFAULT CHARSET=utf8mb4 COLLATE=utf8mb4_0900_ai_ci;
/*!40101 SET character_set_client = @saved_cs_client */;

--
-- Dumping data for table `preselections`
--

LOCK TABLES `preselections` WRITE;
/*!40000 ALTER TABLE `preselections` DISABLE KEYS */;
INSERT INTO `preselections` VALUES (1,63,5,2.18395,1),(2,64,5,0.328264,1),(3,65,5,2.10073,1),(4,66,5,3.53726,1),(5,67,5,3.8023,1),(6,68,5,2.23497,1),(7,69,5,4.71508,1),(8,70,5,4.34446,1),(9,75,5,3.86146,1),(10,75,30,12.6688,1),(11,75,30,9.0361,1),(12,75,30,16.6844,1),(13,75,30,6.21133,1),(14,76,30,3.63841,1),(15,80,30,11.836,1),(16,81,5,6.905,1),(17,82,30,6.865,1),(18,83,30,7.968,1),(19,84,30,8.52,1),(20,85,30,10.888,1),(21,86,30,7.043,1),(22,87,5,7.279,1),(23,88,30,7.063,1),(24,89,30,6.918,1),(25,90,30,0.839,1),(26,91,5,0.734,1),(27,92,30,0.87,1),(28,93,5,1.994,1),(29,94,30,0.835,1),(30,110,5,5.031,1),(31,111,5,5.023,0),(32,111,30,30.024,0),(33,111,5,5.022,0),(34,112,5,37.612,0),(35,113,5,7.336,0),(36,114,5,7.759,0),(37,118,30,5.363,0),(38,119,30,1.699,0),(39,120,30,0.977,0),(40,121,30,2.728,1),(41,122,30,3.461,1),(42,123,30,0.943,0),(43,124,30,1.825,0),(44,125,5,0.876,0),(45,133,30,30.026,0),(46,135,10,1.126,0),(47,156,10,1.083,0),(48,157,10,1.011,0),(49,158,10,0.673,0),(50,159,30,1.219,0),(51,160,30,1.21,0),(52,161,10,0.745,0),(53,162,10,0.894,0),(54,163,30,0.888,0),(55,167,30,3.242,0),(56,170,30,4.135,1),(57,179,30,2.152,0),(58,180,10,9.243,1),(59,181,30,20.631,0),(60,182,30,3.815,1),(61,184,10,5.827,1),(62,185,10,5.594,0),(63,203,30,1.083,0),(64,204,30,0.849,0),(65,205,10,1.712,0),(66,207,10,1.01,0),(67,212,30,2.305,1),(68,213,30,0.609,0),(69,214,10,0.72,0),(70,216,10,4.22,0),(71,217,30,1.162,0),(72,221,30,1.388,0),(73,223,10,0.758,0),(74,235,10,8.058,0),(75,236,10,0.846,0),(76,238,10,20.023,0),(77,239,10,1.673,0),(78,240,30,2.408,0),(79,249,30,49.475,0),(80,251,30,0.918,0),(81,252,30,30.024,0),(82,253,10,1.05,0),(83,254,30,1.316,0),(84,258,10,4.036,0),(85,257,10,2.114,0),(86,259,30,1.183,0),(87,261,30,0.83,0),(88,263,10,1.155,0),(89,265,10,0.814,0),(90,266,30,1.064,0),(91,267,30,0.957,0),(92,269,10,0.807,0),(93,270,10,1.011,0),(94,271,10,72.027,0),(95,272,10,1.176,0),(96,273,10,17.038,0),(97,275,30,40.891,0),(98,276,30,0.778,0),(99,277,10,0.895,0),(100,278,30,6.098,1),(101,282,10,1.971,1),(102,284,10,1.322,0),(103,286,10,0.846,0),(104,287,30,0.736,0),(105,288,10,0.951,0),(106,289,10,0.72,0),(107,290,10,0.751,0),(108,291,10,0.616,0),(109,292,10,0.729,0),(110,293,10,0.964,0);
/*!40000 ALTER TABLE `preselections` ENABLE KEYS */;
UNLOCK TABLES;

--
-- Table structure for table `questions`
--

DROP TABLE IF EXISTS `questions`;
/*!40101 SET @saved_cs_client     = @@character_set_client */;
/*!50503 SET character_set_client = utf8mb4 */;
CREATE TABLE `questions` (
  `id` int NOT NULL AUTO_INCREMENT,
  `id_sesji` int NOT NULL,
  `max_czas` int NOT NULL,
  `czas_odpowiedzi` float NOT NULL,
  `wynik` tinyint(1) NOT NULL,
  PRIMARY KEY (`id`),
  KEY `fk_questions_sesja_idx` (`id_sesji`),
  CONSTRAINT `fk_questions_sesja` FOREIGN KEY (`id_sesji`) REFERENCES `sesja` (`id_sesji`) ON DELETE CASCADE ON UPDATE CASCADE
) ENGINE=InnoDB AUTO_INCREMENT=126 DEFAULT CHARSET=utf8mb4 COLLATE=utf8mb4_0900_ai_ci;
/*!40101 SET character_set_client = @saved_cs_client */;

--
-- Dumping data for table `questions`
--

LOCK TABLES `questions` WRITE;
/*!40000 ALTER TABLE `questions` DISABLE KEYS */;
INSERT INTO `questions` VALUES (1,61,5,2.49285,1),(2,61,30,4.0905,0),(3,62,5,4.77814,1),(4,63,5,4.46953,1),(5,63,5,1.07992,0),(6,63,30,24.6524,0),(7,63,5,4.247,1),(8,64,30,14.4364,1),(9,65,5,1.02241,1),(10,66,5,2.87335,1),(11,67,5,0.0577487,0),(12,68,5,2.85483,1),(13,69,30,0.208355,1),(14,70,30,4.81256,1),(15,75,30,19.9489,1),(16,76,30,8.57386,0),(17,80,5,3.292,1),(18,81,5,1.053,0),(19,82,5,0.894,0),(20,83,30,1.738,1),(21,84,5,2.578,0),(22,85,5,3.542,1),(23,86,5,1.042,0),(24,87,30,1.278,1),(25,88,5,0.777,0),(26,89,5,0.913,0),(27,90,5,0.841,0),(28,91,5,1.371,0),(29,92,30,1.094,0),(30,93,30,5.755,0),(31,94,5,1.262,1),(32,110,30,30.029,0),(33,110,5,5.03,0),(34,111,5,1.801,1),(35,111,30,5.782,0),(36,111,30,30.024,0),(37,112,5,5.034,0),(38,113,5,4.072,0),(39,113,30,3.231,0),(40,114,30,0.89,0),(41,115,30,2.167,0),(42,116,30,1.316,0),(43,117,5,0.828,0),(44,118,30,6.353,0),(45,119,30,0.695,0),(46,120,30,0.89,0),(47,121,5,5.035,0),(48,122,30,4.243,0),(49,123,30,2.381,0),(50,124,5,0.842,0),(51,125,30,1.696,0),(52,133,5,5.135,0),(53,135,10,2.871,1),(54,154,30,2.967,1),(55,155,30,1.238,0),(56,156,10,1.102,0),(57,157,30,1.173,0),(58,158,30,1.754,0),(59,159,30,1.665,0),(60,160,30,1.022,0),(61,161,30,1.072,0),(62,162,30,1.613,0),(63,163,30,1.227,0),(64,167,10,2.631,0),(65,169,10,10.341,0),(66,170,10,5.142,1),(67,178,30,30.238,0),(68,179,10,6.109,0),(69,180,10,10.33,0),(70,181,10,9.035,0),(71,182,30,7.717,1),(72,184,10,8.153,1),(73,185,30,5.888,1),(74,203,30,1.327,1),(75,204,30,1.151,0),(76,205,10,1.184,0),(77,207,10,1.082,0),(78,212,10,6.556,1),(79,213,10,0.877,0),(80,214,10,0.865,0),(81,216,10,4.777,0),(82,217,30,0.843,0),(83,221,30,2.23,1),(84,223,10,1.623,0),(85,235,10,7.632,0),(86,236,30,53.95,0),(87,238,10,47.072,0),(88,239,10,0.754,0),(89,240,30,5.984,1),(90,248,30,1.07,0),(91,249,30,4.565,0),(92,250,10,1.55,1),(93,251,10,0.811,0),(94,252,10,1.904,1),(95,253,30,1.288,1),(96,254,10,1.71,1),(97,258,30,5.052,0),(98,257,10,51.221,0),(99,259,30,1.861,1),(100,261,30,1.081,0),(101,263,30,1.254,0),(102,265,30,0.711,0),(103,266,10,1.116,0),(104,267,10,1.532,1),(105,269,30,0.902,0),(106,270,10,1.016,1),(107,271,10,2.827,1),(108,272,10,1.861,1),(109,273,10,0.886,0),(110,275,30,40.011,1),(111,276,30,0.906,0),(112,277,10,1.898,1),(113,278,10,32.154,1),(114,279,30,0.97,0),(115,282,10,1.039,0),(116,284,30,1.029,0),(117,285,10,1.082,0),(118,286,30,0.898,0),(119,287,30,197.42,0),(120,288,30,0.884,0),(121,289,30,1.829,0),(122,290,10,1.019,0),(123,291,30,0.648,0),(124,292,10,0.865,0),(125,293,30,0.939,0);
/*!40000 ALTER TABLE `questions` ENABLE KEYS */;
UNLOCK TABLES;

--
-- Table structure for table `rodzaj_wyksztalcenia`
--

DROP TABLE IF EXISTS `rodzaj_wyksztalcenia`;
/*!40101 SET @saved_cs_client     = @@character_set_client */;
/*!50503 SET character_set_client = utf8mb4 */;
CREATE TABLE `rodzaj_wyksztalcenia` (
  `id_rodzaju_wyksztalcenia` int NOT NULL AUTO_INCREMENT,
  `rodzaj_wyksztalcenia` varchar(255) NOT NULL,
  PRIMARY KEY (`id_rodzaju_wyksztalcenia`)
) ENGINE=InnoDB AUTO_INCREMENT=9 DEFAULT CHARSET=utf8mb4 COLLATE=utf8mb4_0900_ai_ci;
/*!40101 SET character_set_client = @saved_cs_client */;

--
-- Dumping data for table `rodzaj_wyksztalcenia`
--

LOCK TABLES `rodzaj_wyksztalcenia` WRITE;
/*!40000 ALTER TABLE `rodzaj_wyksztalcenia` DISABLE KEYS */;
INSERT INTO `rodzaj_wyksztalcenia` VALUES (1,'Marketing'),(2,'Informatyka'),(3,'Ekonomia'),(4,'Humanistyka'),(5,'Zarządzanie'),(6,'Architektura'),(7,'Prawo'),(8,'Medycyna');
/*!40000 ALTER TABLE `rodzaj_wyksztalcenia` ENABLE KEYS */;
UNLOCK TABLES;

--
-- Table structure for table `sesja`
--

DROP TABLE IF EXISTS `sesja`;
/*!40101 SET @saved_cs_client     = @@character_set_client */;
/*!50503 SET character_set_client = utf8mb4 */;
CREATE TABLE `sesja` (
  `id_sesji` int NOT NULL AUTO_INCREMENT,
  `id_uzytkownika` int NOT NULL,
  `rozp_sesji` datetime NOT NULL,
  `koniec_sesji` datetime DEFAULT NULL,
  PRIMARY KEY (`id_sesji`),
  KEY `id_uzytkownika` (`id_uzytkownika`),
  CONSTRAINT `sesja_ibfk_1` FOREIGN KEY (`id_uzytkownika`) REFERENCES `uzytkownicy` (`id_uzytkownika`) ON DELETE CASCADE ON UPDATE CASCADE
) ENGINE=InnoDB AUTO_INCREMENT=294 DEFAULT CHARSET=utf8mb4 COLLATE=utf8mb4_0900_ai_ci;
/*!40101 SET character_set_client = @saved_cs_client */;

--
-- Dumping data for table `sesja`
--

LOCK TABLES `sesja` WRITE;
/*!40000 ALTER TABLE `sesja` DISABLE KEYS */;
INSERT INTO `sesja` VALUES (1,2,'2024-12-20 18:32:37',NULL),(2,3,'2024-12-20 18:32:45',NULL),(3,4,'2024-12-20 18:51:38',NULL),(4,5,'2024-12-20 18:57:08',NULL),(5,6,'2024-12-20 18:59:03',NULL),(6,7,'2024-12-20 19:00:46',NULL),(7,8,'2024-12-20 19:21:10',NULL),(8,9,'2024-12-20 19:21:39',NULL),(9,10,'2024-12-20 19:23:36',NULL),(10,11,'2024-12-20 19:25:26',NULL),(11,12,'2024-12-20 19:27:20',NULL),(12,13,'2024-12-20 19:42:43',NULL),(13,14,'2024-12-20 19:58:45',NULL),(14,15,'2024-12-20 19:59:16',NULL),(15,16,'2024-12-20 19:59:56',NULL),(16,17,'2024-12-20 20:00:06',NULL),(17,18,'2024-12-20 20:09:36',NULL),(18,19,'2024-12-20 20:12:03',NULL),(19,20,'2024-12-20 20:13:06',NULL),(20,21,'2024-12-20 20:27:04',NULL),(21,22,'2024-12-20 20:27:36',NULL),(22,23,'2024-12-20 20:30:06',NULL),(23,24,'2024-12-20 20:31:10',NULL),(24,25,'2024-12-20 21:36:23',NULL),(25,26,'2024-12-20 21:44:21',NULL),(26,27,'2024-12-20 21:50:00',NULL),(27,28,'2024-12-20 22:00:00',NULL),(28,29,'2024-12-21 15:41:10',NULL),(29,30,'2024-12-21 15:59:25',NULL),(30,31,'2024-12-21 16:35:44',NULL),(31,32,'2024-12-21 16:45:50',NULL),(32,33,'2024-12-21 16:46:29',NULL),(33,34,'2024-12-21 16:47:22',NULL),(34,35,'2024-12-21 16:47:54',NULL),(35,36,'2024-12-21 17:58:02',NULL),(36,37,'2024-12-21 18:02:46',NULL),(37,38,'2024-12-21 18:09:25',NULL),(38,39,'2024-12-21 18:11:30',NULL),(39,40,'2024-12-21 18:12:42',NULL),(40,41,'2024-12-21 18:15:25',NULL),(41,42,'2024-12-21 18:40:31',NULL),(42,43,'2024-12-21 18:42:02',NULL),(43,44,'2024-12-21 18:43:37',NULL),(44,45,'2024-12-21 18:46:27',NULL),(45,46,'2024-12-21 18:48:44',NULL),(46,47,'2024-12-21 18:49:24',NULL),(47,48,'2024-12-21 18:57:54',NULL),(48,49,'2024-12-21 19:21:01',NULL),(49,50,'2024-12-21 19:22:53',NULL),(50,51,'2024-12-28 12:39:24',NULL),(51,52,'2024-12-28 12:43:04',NULL),(52,53,'2024-12-28 12:44:34',NULL),(53,54,'2024-12-28 12:48:51',NULL),(54,55,'2024-12-28 12:49:04',NULL),(55,56,'2024-12-28 13:00:02',NULL),(56,57,'2024-12-28 13:14:25',NULL),(57,58,'2025-01-04 11:17:45',NULL),(58,59,'2025-01-04 11:22:30',NULL),(59,60,'2025-01-04 11:28:03',NULL),(60,61,'2025-01-04 13:11:44',NULL),(61,62,'2025-01-04 13:17:03',NULL),(62,63,'2025-01-04 13:50:02',NULL),(63,64,'2025-01-04 13:51:22',NULL),(64,65,'2025-01-04 14:20:47',NULL),(65,66,'2025-01-05 14:33:07',NULL),(66,67,'2025-01-05 14:37:29',NULL),(67,68,'2025-01-05 14:40:32',NULL),(68,69,'2025-01-05 14:44:51',NULL),(69,70,'2025-01-05 14:46:37',NULL),(70,71,'2025-01-05 14:51:30',NULL),(71,72,'2025-01-05 15:06:59',NULL),(72,73,'2025-01-05 15:19:58',NULL),(73,74,'2025-01-05 15:22:07',NULL),(74,75,'2025-01-05 15:34:25',NULL),(75,76,'2025-01-05 16:01:59',NULL),(76,77,'2025-01-05 16:11:23',NULL),(77,78,'2025-01-05 16:25:26',NULL),(78,79,'2025-01-05 16:27:34',NULL),(79,80,'2025-01-05 16:49:29',NULL),(80,81,'2025-01-05 16:50:35',NULL),(81,82,'2025-01-05 17:03:09',NULL),(82,83,'2025-01-05 17:04:44',NULL),(83,84,'2025-01-05 17:08:13',NULL),(84,85,'2025-01-05 17:13:50',NULL),(85,86,'2025-01-05 18:26:40',NULL),(86,87,'2025-01-05 18:32:56',NULL),(87,88,'2025-01-05 18:39:23',NULL),(88,89,'2025-01-05 18:43:28',NULL),(89,90,'2025-01-05 20:09:47',NULL),(90,91,'2025-01-05 20:15:01',NULL),(91,92,'2025-01-05 20:21:20',NULL),(92,93,'2025-01-05 20:28:43',NULL),(93,94,'2025-01-05 21:23:58',NULL),(94,95,'2025-01-06 18:07:01',NULL),(95,96,'2025-01-06 18:42:53',NULL),(96,97,'2025-01-06 21:42:39',NULL),(97,98,'2025-01-06 21:46:50',NULL),(98,99,'2025-01-06 21:50:23',NULL),(99,100,'2025-01-06 21:51:28',NULL),(100,101,'2025-01-06 21:51:41',NULL),(101,102,'2025-01-06 21:58:00',NULL),(102,103,'2025-01-06 21:59:26',NULL),(103,104,'2025-01-06 22:00:38',NULL),(104,105,'2025-01-06 22:00:48',NULL),(105,106,'2025-01-06 22:01:02',NULL),(106,107,'2025-01-06 22:06:11',NULL),(107,108,'2025-01-06 22:06:25',NULL),(108,109,'2025-01-06 22:10:13',NULL),(109,110,'2025-01-06 22:15:53',NULL),(110,111,'2025-01-06 22:24:24',NULL),(111,112,'2025-01-06 22:34:20',NULL),(112,113,'2025-01-06 22:42:51',NULL),(113,114,'2025-01-06 22:46:55',NULL),(114,115,'2025-01-07 17:18:55',NULL),(115,116,'2025-01-07 17:32:29',NULL),(116,117,'2025-01-07 17:40:57',NULL),(117,118,'2025-01-07 17:43:08',NULL),(118,119,'2025-01-07 18:00:07',NULL),(119,120,'2025-01-07 18:02:40',NULL),(120,121,'2025-01-07 18:04:49',NULL),(121,122,'2025-01-08 17:08:16',NULL),(122,123,'2025-01-08 17:10:54',NULL),(123,124,'2025-01-08 17:34:23',NULL),(124,125,'2025-01-08 22:51:29','2025-01-08 21:52:43'),(125,126,'2025-01-08 22:56:55','2025-01-08 21:58:02'),(126,127,'2025-01-11 10:59:44',NULL),(127,128,'2025-01-11 16:28:48',NULL),(128,129,'2025-01-11 16:46:45',NULL),(129,130,'2025-01-11 16:49:29',NULL),(130,131,'2025-01-11 16:51:20',NULL),(131,132,'2025-01-11 16:51:33',NULL),(132,133,'2025-01-14 15:52:02',NULL),(133,134,'2025-01-14 16:20:30','2025-01-14 15:26:51'),(134,135,'2025-01-14 18:16:26',NULL),(135,136,'2025-01-14 18:30:15','2025-01-14 17:30:34'),(136,137,'2025-01-14 18:43:02',NULL),(137,138,'2025-01-14 18:47:11',NULL),(138,139,'2025-01-15 16:38:26',NULL),(139,140,'2025-01-15 16:39:21',NULL),(140,141,'2025-01-15 16:47:39',NULL),(141,142,'2025-01-15 16:50:17',NULL),(142,143,'2025-01-15 16:53:08',NULL),(143,144,'2025-01-15 16:55:46',NULL),(144,145,'2025-01-15 16:56:12',NULL),(145,146,'2025-01-15 17:06:27',NULL),(146,147,'2025-01-15 17:23:28',NULL),(147,148,'2025-01-15 17:25:35',NULL),(148,149,'2025-01-15 17:30:10',NULL),(149,150,'2025-01-15 17:34:40',NULL),(150,151,'2025-01-15 17:40:45',NULL),(151,152,'2025-01-15 17:41:49',NULL),(152,153,'2025-01-15 17:42:17',NULL),(153,154,'2025-01-15 17:50:32',NULL),(154,155,'2025-01-15 17:55:10',NULL),(155,156,'2025-01-15 17:59:10',NULL),(156,157,'2025-01-15 18:00:48',NULL),(157,158,'2025-01-15 18:09:00',NULL),(158,159,'2025-01-15 18:10:22',NULL),(159,160,'2025-01-15 18:14:35',NULL),(160,161,'2025-01-15 18:15:20',NULL),(161,162,'2025-01-15 18:15:56',NULL),(162,163,'2025-01-15 18:16:47',NULL),(163,164,'2025-01-15 18:22:53','2025-01-15 17:23:08'),(164,165,'2025-01-15 19:13:15',NULL),(165,166,'2025-01-15 19:13:29',NULL),(166,167,'2025-01-15 19:16:33',NULL),(167,168,'2025-01-15 19:40:54','2025-01-15 19:44:15'),(168,169,'2025-01-15 19:47:05',NULL),(169,170,'2025-01-15 19:48:28',NULL),(170,171,'2025-01-15 19:50:14',NULL),(171,172,'2025-01-15 19:50:46',NULL),(172,173,'2025-01-15 21:17:10',NULL),(173,174,'2025-01-15 21:17:29',NULL),(174,175,'2025-01-15 21:19:02',NULL),(175,176,'2025-01-15 21:19:13',NULL),(176,177,'2025-01-15 21:21:17',NULL),(177,178,'2025-01-15 21:21:26',NULL),(178,179,'2025-01-15 20:31:25',NULL),(179,180,'2025-01-15 20:37:05','2025-01-15 20:38:40'),(180,181,'2025-01-15 20:37:43','2025-01-15 20:39:44'),(181,182,'2025-01-15 20:44:13','2025-01-15 20:47:10'),(182,183,'2025-01-15 20:50:58','2025-01-15 20:52:23'),(183,184,'2025-01-15 21:57:13',NULL),(184,185,'2025-01-15 22:00:13','2025-01-15 21:01:33'),(185,186,'2025-01-15 21:12:24','2025-01-15 21:13:50'),(186,187,'2025-01-18 17:29:23',NULL),(187,188,'2025-01-18 17:30:51',NULL),(188,189,'2025-01-18 17:32:00',NULL),(189,190,'2025-01-18 17:36:10',NULL),(190,191,'2025-01-22 17:02:23',NULL),(191,192,'2025-01-22 17:03:20',NULL),(192,193,'2025-01-22 17:03:36',NULL),(193,194,'2025-01-22 17:04:14',NULL),(194,195,'2025-01-22 17:07:26',NULL),(195,196,'2025-01-22 17:10:16',NULL),(196,197,'2025-01-22 17:15:13',NULL),(197,198,'2025-01-22 17:18:48',NULL),(198,199,'2025-01-22 17:21:45',NULL),(199,200,'2025-01-22 17:35:34',NULL),(200,201,'2025-01-22 19:57:08',NULL),(201,202,'2025-01-22 19:58:58',NULL),(202,203,'2025-01-22 20:00:13',NULL),(203,204,'2025-01-22 20:37:56',NULL),(204,205,'2025-01-22 20:39:42',NULL),(205,206,'2025-01-22 20:53:10','2025-01-22 19:53:33'),(206,207,'2025-01-22 20:54:02',NULL),(207,208,'2025-01-22 20:54:20','2025-01-22 19:55:42'),(208,209,'2025-01-22 20:59:45',NULL),(209,210,'2025-01-22 21:03:02',NULL),(210,211,'2025-01-22 21:03:14',NULL),(211,212,'2025-01-26 17:10:42',NULL),(212,213,'2025-01-26 17:20:15','2025-01-26 16:21:42'),(213,214,'2025-01-26 17:36:50','2025-01-26 16:37:11'),(214,215,'2025-01-26 16:41:39','2025-01-26 16:41:53'),(215,216,'2025-01-26 16:56:50',NULL),(216,217,'2025-01-26 16:57:31','2025-01-26 16:58:10'),(217,218,'2025-01-26 16:58:51','2025-01-26 16:59:23'),(218,219,'2025-01-26 17:14:53',NULL),(219,220,'2025-01-26 17:15:56',NULL),(220,221,'2025-01-26 17:17:33',NULL),(221,222,'2025-01-26 17:19:02','2025-01-26 17:20:13'),(222,223,'2025-01-26 17:20:29',NULL),(223,224,'2025-02-06 19:53:38','2025-02-06 19:53:51'),(224,226,'2025-02-09 15:52:06',NULL),(225,227,'2025-02-09 15:52:56',NULL),(226,228,'2025-02-09 16:00:44',NULL),(227,229,'2025-02-09 16:02:25',NULL),(228,230,'2025-02-09 16:03:47',NULL),(229,231,'2025-02-09 16:06:24',NULL),(230,232,'2025-02-09 16:17:01',NULL),(231,233,'2025-02-09 16:21:52',NULL),(232,234,'2025-02-09 16:30:19',NULL),(233,235,'2025-02-09 16:34:11',NULL),(234,236,'2025-02-09 16:34:52',NULL),(235,237,'2025-02-09 21:38:47','2025-02-09 21:39:33'),(236,238,'2025-02-09 21:39:59','2025-02-09 21:41:18'),(237,239,'2025-02-09 21:41:28',NULL),(238,240,'2025-02-09 21:46:14','2025-02-09 21:49:01'),(239,241,'2025-02-09 21:52:09','2025-02-09 21:56:19'),(240,242,'2025-02-09 22:08:00','2025-02-09 22:11:55'),(241,243,'2025-02-09 22:12:13',NULL),(242,244,'2025-02-09 22:16:52',NULL),(243,245,'2025-02-09 22:20:34',NULL),(244,246,'2025-02-09 22:21:15',NULL),(245,247,'2025-02-10 16:01:01',NULL),(246,248,'2025-02-10 16:06:25',NULL),(247,249,'2025-02-10 16:08:44',NULL),(248,250,'2025-02-10 16:10:20',NULL),(249,251,'2025-02-10 16:11:47',NULL),(250,252,'2025-02-10 16:21:51',NULL),(251,253,'2025-02-10 16:23:40','2025-02-10 16:23:52'),(252,254,'2025-02-10 16:34:43',NULL),(253,255,'2025-02-10 16:46:59','2025-02-10 16:58:42'),(254,256,'2025-02-10 17:15:27','2025-02-10 17:17:15'),(255,257,'2025-02-10 17:26:36',NULL),(256,258,'2025-02-11 17:55:48',NULL),(257,259,'2025-02-11 18:01:37',NULL),(258,260,'2025-02-11 18:05:00','2025-02-11 18:08:19'),(259,261,'2025-02-11 18:11:44','2025-02-11 18:12:33'),(260,262,'2025-02-11 18:13:03',NULL),(261,263,'2025-02-11 18:13:18','2025-02-11 18:14:26'),(262,264,'2025-02-11 18:14:37',NULL),(263,265,'2025-02-11 18:23:12','2025-02-11 18:27:51'),(264,266,'2025-02-11 18:29:15',NULL),(265,267,'2025-02-11 18:29:46','2025-02-11 18:29:59'),(266,268,'2025-02-11 18:31:16',NULL),(267,269,'2025-02-11 18:51:28',NULL),(268,270,'2025-02-11 18:57:40',NULL),(269,271,'2025-02-11 18:57:40','2025-02-11 18:58:01'),(270,272,'2025-02-11 18:58:22','2025-02-11 19:05:53'),(271,273,'2025-02-16 10:18:43',NULL),(272,274,'2025-02-16 11:06:09',NULL),(273,275,'2025-02-16 11:13:51','2025-02-16 11:14:48'),(274,276,'2025-02-16 11:18:01',NULL),(275,277,'2025-02-20 15:57:12','2025-02-20 16:07:16'),(276,278,'2025-02-20 16:09:11',NULL),(277,279,'2025-02-20 16:30:13','2025-02-20 16:47:53'),(278,280,'2025-03-01 10:17:13','2025-03-01 10:24:59'),(279,281,'2025-03-04 17:05:59',NULL),(280,282,'2025-03-05 19:29:47',NULL),(281,283,'2025-03-05 19:32:31',NULL),(282,284,'2025-03-05 19:38:59','2025-03-05 19:39:04'),(283,285,'2025-03-05 20:26:56',NULL),(284,286,'2025-03-07 18:20:03','2025-03-07 18:20:00'),(285,287,'2025-03-07 18:34:18',NULL),(286,288,'2025-03-07 18:35:12','2025-03-07 18:35:10'),(287,289,'2025-03-07 18:45:32','2025-03-07 18:48:53'),(288,290,'2025-03-07 18:50:39','2025-03-07 18:50:35'),(289,291,'2025-03-07 18:52:58','2025-03-07 18:52:56'),(290,292,'2025-03-07 18:55:07','2025-03-07 18:55:03'),(291,293,'2025-03-07 18:59:39','2025-03-07 18:59:36'),(292,294,'2025-03-07 19:04:52','2025-03-07 19:04:48'),(293,295,'2025-03-10 18:20:31','2025-03-10 18:20:50');
/*!40000 ALTER TABLE `sesja` ENABLE KEYS */;
UNLOCK TABLES;

--
-- Table structure for table `session_mark`
--

DROP TABLE IF EXISTS `session_mark`;
/*!40101 SET @saved_cs_client     = @@character_set_client */;
/*!50503 SET character_set_client = utf8mb4 */;
CREATE TABLE `session_mark` (
  `id_sesji` int NOT NULL,
  `ocena` tinyint NOT NULL,
  PRIMARY KEY (`id_sesji`),
  CONSTRAINT `fk_sessionmark_sesja` FOREIGN KEY (`id_sesji`) REFERENCES `sesja` (`id_sesji`) ON DELETE CASCADE ON UPDATE CASCADE
) ENGINE=InnoDB DEFAULT CHARSET=utf8mb4 COLLATE=utf8mb4_0900_ai_ci;
/*!40101 SET character_set_client = @saved_cs_client */;

--
-- Dumping data for table `session_mark`
--

LOCK TABLES `session_mark` WRITE;
/*!40000 ALTER TABLE `session_mark` DISABLE KEYS */;
INSERT INTO `session_mark` VALUES (290,3),(291,4),(292,5),(293,5);
/*!40000 ALTER TABLE `session_mark` ENABLE KEYS */;
UNLOCK TABLES;

--
-- Table structure for table `socialproof`
--

DROP TABLE IF EXISTS `socialproof`;
/*!40101 SET @saved_cs_client     = @@character_set_client */;
/*!50503 SET character_set_client = utf8mb4 */;
CREATE TABLE `socialproof` (
  `id` int NOT NULL AUTO_INCREMENT,
  `id_sesji` int NOT NULL,
  `wersja` enum('tricked','normal') NOT NULL,
  `czas_odpowiedzi` float NOT NULL,
  `wynik` tinyint(1) NOT NULL,
  PRIMARY KEY (`id`),
  KEY `fk_socialproof_sesja_idx` (`id_sesji`),
  CONSTRAINT `fk_socialproof_sesja` FOREIGN KEY (`id_sesji`) REFERENCES `sesja` (`id_sesji`) ON DELETE CASCADE ON UPDATE CASCADE
) ENGINE=InnoDB AUTO_INCREMENT=51 DEFAULT CHARSET=utf8mb4 COLLATE=utf8mb4_0900_ai_ci;
/*!40101 SET character_set_client = @saved_cs_client */;

--
-- Dumping data for table `socialproof`
--

LOCK TABLES `socialproof` WRITE;
/*!40000 ALTER TABLE `socialproof` DISABLE KEYS */;
INSERT INTO `socialproof` VALUES (1,125,'tricked',11.618,1),(2,133,'tricked',22.554,0),(3,133,'tricked',30.042,1),(4,135,'tricked',1.374,1),(5,163,'tricked',1.041,1),(6,167,'tricked',1.57,1),(7,179,'tricked',8.326,0),(8,180,'tricked',10.518,1),(9,181,'tricked',10.205,0),(10,182,'tricked',3.052,1),(11,184,'tricked',12.62,0),(12,185,'tricked',3.574,1),(13,205,'tricked',1.108,1),(14,207,'tricked',2.801,1),(15,212,'tricked',4.521,0),(16,213,'tricked',0.567,1),(17,214,'tricked',0.168,1),(18,216,'tricked',1.377,1),(19,217,'tricked',4.342,1),(20,221,'tricked',7.67,0),(21,223,'tricked',0.587,1),(22,235,'tricked',0.674,1),(23,236,'tricked',0.621,1),(24,238,'tricked',46.187,1),(25,239,'tricked',44.474,1),(26,240,'tricked',14.746,1),(27,251,'tricked',0.483,1),(28,253,'tricked',30.046,1),(29,254,'tricked',3.153,1),(30,258,'tricked',2.464,1),(31,259,'tricked',0.56,1),(32,261,'tricked',2.279,1),(33,263,'tricked',0.771,1),(34,265,'tricked',0.534,1),(35,269,'tricked',1.309,1),(36,270,'tricked',5.542,1),(37,273,'tricked',0.678,1),(38,275,'tricked',70.058,1),(39,277,'tricked',0.553,1),(40,278,'tricked',12.694,0),(41,282,'tricked',0.681,1),(42,284,'tricked',0.862,1),(43,286,'tricked',0.712,1),(44,287,'tricked',0.616,1),(45,288,'tricked',0.827,1),(46,289,'tricked',0.902,1),(47,290,'tricked',0.669,1),(48,291,'tricked',1.296,1),(49,292,'tricked',0.75,1),(50,293,'tricked',0.577,1);
/*!40000 ALTER TABLE `socialproof` ENABLE KEYS */;
UNLOCK TABLES;

--
-- Table structure for table `timepressing`
--

DROP TABLE IF EXISTS `timepressing`;
/*!40101 SET @saved_cs_client     = @@character_set_client */;
/*!50503 SET character_set_client = utf8mb4 */;
CREATE TABLE `timepressing` (
  `id` int NOT NULL AUTO_INCREMENT,
  `id_sesji` int NOT NULL,
  `wersja` enum('tricked','normal') NOT NULL,
  `czas_odpowiedzi` float NOT NULL,
  `wynik` tinyint(1) NOT NULL,
  PRIMARY KEY (`id`),
  KEY `id_sesji` (`id_sesji`),
  CONSTRAINT `timepressing_ibfk_1` FOREIGN KEY (`id_sesji`) REFERENCES `sesja` (`id_sesji`) ON DELETE CASCADE ON UPDATE CASCADE
) ENGINE=InnoDB AUTO_INCREMENT=101 DEFAULT CHARSET=utf8mb4 COLLATE=utf8mb4_0900_ai_ci;
/*!40101 SET character_set_client = @saved_cs_client */;

--
-- Dumping data for table `timepressing`
--

LOCK TABLES `timepressing` WRITE;
/*!40000 ALTER TABLE `timepressing` DISABLE KEYS */;
INSERT INTO `timepressing` VALUES (1,80,'tricked',6.064,0),(2,81,'tricked',1.151,1),(3,82,'tricked',2.431,1),(4,83,'tricked',0.804,1),(5,83,'tricked',104.115,1),(6,83,'tricked',234.408,1),(7,84,'tricked',1.041,1),(8,85,'tricked',5.854,0),(9,85,'tricked',74.74,0),(10,86,'tricked',0.922,1),(11,87,'tricked',1.877,1),(12,88,'tricked',1.669,1),(13,88,'tricked',33.256,1),(14,89,'tricked',1.384,1),(15,90,'tricked',0.761,1),(16,91,'tricked',4.247,0),(17,92,'tricked',1.103,1),(18,93,'tricked',4.68,1),(19,94,'tricked',236.558,1),(20,112,'tricked',30.031,1),(21,112,'tricked',30.027,1),(22,113,'normal',30.022,0),(23,114,'tricked',1.375,1),(24,118,'tricked',1.15,1),(25,119,'normal',0.931,1),(26,120,'tricked',1.075,1),(27,120,'tricked',0.929,1),(28,120,'tricked',16.212,0),(29,120,'tricked',20.663,0),(30,121,'tricked',2.118,1),(31,121,'tricked',3.177,0),(32,122,'tricked',0.811,1),(33,122,'tricked',1.773,1),(34,123,'tricked',0.764,1),(35,123,'tricked',1.488,1),(36,124,'tricked',0.769,1),(37,124,'tricked',0.634,1),(38,125,'tricked',0.98,1),(39,133,'tricked',48.803,0),(40,133,'tricked',10.189,0),(41,135,'normal',1.398,1),(42,158,'tricked',1.529,1),(43,159,'tricked',1.13,1),(44,160,'normal',1.788,1),(45,161,'normal',0.985,1),(46,162,'tricked',0.626,1),(47,163,'tricked',1.031,1),(48,167,'normal',1.746,1),(49,170,'tricked',5.13,0),(50,179,'tricked',7.03,1),(51,180,'tricked',9.603,0),(52,181,'normal',8.796,0),(53,182,'tricked',2.868,0),(54,184,'tricked',9.274,1),(55,185,'normal',3.395,0),(56,203,'normal',0.542,1),(57,204,'normal',0.625,1),(58,205,'tricked',0.962,1),(59,207,'normal',0.728,1),(60,212,'tricked',3.028,1),(61,213,'normal',0.593,1),(62,214,'tricked',0.551,1),(63,216,'tricked',4.663,1),(64,217,'tricked',7.812,1),(65,221,'tricked',5.055,0),(66,223,'tricked',0.533,1),(67,235,'normal',3.478,1),(68,236,'tricked',2.256,1),(69,238,'tricked',17.571,1),(70,239,'tricked',9.458,1),(71,240,'tricked',30.025,0),(72,251,'normal',0.596,1),(73,253,'tricked',0.795,1),(74,254,'normal',0.831,1),(75,258,'normal',1.067,1),(76,257,'tricked',147.166,0),(77,259,'tricked',18.244,0),(78,261,'normal',18.172,0),(79,263,'tricked',2.175,1),(80,265,'tricked',0.304,1),(81,266,'tricked',3.543,0),(82,267,'normal',6.413,0),(83,269,'tricked',1.662,1),(84,270,'normal',2.067,0),(85,272,'normal',1.312,1),(86,273,'normal',0.804,1),(87,275,'tricked',64.413,1),(88,276,'tricked',0.714,1),(89,277,'tricked',0.929,1),(90,278,'tricked',24.519,0),(91,282,'normal',0.879,1),(92,284,'normal',0.781,1),(93,286,'normal',0.429,1),(94,287,'normal',0.568,1),(95,288,'normal',0.541,1),(96,289,'normal',0.454,1),(97,290,'tricked',0.394,1),(98,291,'tricked',0.458,1),(99,292,'normal',0.464,1),(100,293,'normal',1.053,1);
/*!40000 ALTER TABLE `timepressing` ENABLE KEYS */;
UNLOCK TABLES;

--
-- Table structure for table `uzytkownicy`
--

DROP TABLE IF EXISTS `uzytkownicy`;
/*!40101 SET @saved_cs_client     = @@character_set_client */;
/*!50503 SET character_set_client = utf8mb4 */;
CREATE TABLE `uzytkownicy` (
  `id_uzytkownika` int NOT NULL AUTO_INCREMENT,
  `wiek` int NOT NULL,
  `plec` enum('mezczyzna','kobieta') NOT NULL,
  `id_wyksztalcenia` int DEFAULT NULL,
  `uczelnia` varchar(255) NOT NULL,
  `id_rodzaju_wyksztalcenia` int DEFAULT NULL,
  PRIMARY KEY (`id_uzytkownika`),
  KEY `id_wyksztalcenia` (`id_wyksztalcenia`),
  KEY `fk_uzytkownicy_rodzaj_wyksztalcenia` (`id_rodzaju_wyksztalcenia`),
  CONSTRAINT `fk_uzytkownicy_rodzaj_wyksztalcenia` FOREIGN KEY (`id_rodzaju_wyksztalcenia`) REFERENCES `rodzaj_wyksztalcenia` (`id_rodzaju_wyksztalcenia`) ON DELETE SET NULL ON UPDATE CASCADE,
  CONSTRAINT `uzytkownicy_ibfk_1` FOREIGN KEY (`id_wyksztalcenia`) REFERENCES `wyksztalcenie` (`id_wyksztalcenia`) ON DELETE SET NULL ON UPDATE CASCADE
) ENGINE=InnoDB AUTO_INCREMENT=296 DEFAULT CHARSET=utf8mb4 COLLATE=utf8mb4_0900_ai_ci;
/*!40101 SET character_set_client = @saved_cs_client */;

--
-- Dumping data for table `uzytkownicy`
--

LOCK TABLES `uzytkownicy` WRITE;
/*!40000 ALTER TABLE `uzytkownicy` DISABLE KEYS */;
INSERT INTO `uzytkownicy` VALUES (2,22,'mezczyzna',1,'Uczelnia',NULL),(3,22,'mezczyzna',1,'Uczelnia2',NULL),(4,21,'mezczyzna',1,'Uczelnia',NULL),(5,22,'mezczyzna',1,'Uczelnia2',NULL),(6,22,'mezczyzna',1,'Uczelnia',NULL),(7,22,'mezczyzna',1,'Uczelnia',NULL),(8,22,'mezczyzna',1,'UE',NULL),(9,22,'mezczyzna',1,'Uczelnia',NULL),(10,22,'mezczyzna',1,'Uczelnia',NULL),(11,22,'mezczyzna',1,'Uczelnia',NULL),(12,22,'mezczyzna',1,'Uczelnia',NULL),(13,19,'mezczyzna',NULL,'Uczelnia',NULL),(14,22,'mezczyzna',NULL,'Uczelnia',NULL),(15,22,'mezczyzna',NULL,'Uczelnia',NULL),(16,33,'mezczyzna',NULL,'Iczelniao',NULL),(17,33,'mezczyzna',NULL,'Iczelniao',NULL),(18,19,'mezczyzna',NULL,'Uczelnia',NULL),(19,19,'mezczyzna',NULL,'Uczelnia',NULL),(20,22,'mezczyzna',NULL,'Uczelnia',NULL),(21,22,'mezczyzna',NULL,'Uczelnia',NULL),(22,33,'mezczyzna',NULL,'Uczelnia',NULL),(23,33,'mezczyzna',NULL,'22',NULL),(24,22,'mezczyzna',NULL,'Uczelnia',NULL),(25,33,'mezczyzna',NULL,'3',NULL),(26,65,'mezczyzna',NULL,'33',NULL),(27,22,'mezczyzna',NULL,'Uczelnia',NULL),(28,22,'mezczyzna',NULL,'Uczelnia',NULL),(29,22,'mezczyzna',NULL,'Uczelnia',NULL),(30,22,'mezczyzna',NULL,'Uczelnia',NULL),(31,19,'kobieta',NULL,'Uczelnia',NULL),(32,22,'mezczyzna',NULL,'Uczelnia',NULL),(33,22,'mezczyzna',NULL,'Uczelnia',NULL),(34,22,'kobieta',NULL,'Uczelnia',NULL),(35,22,'mezczyzna',NULL,'Uczelnia',NULL),(36,22,'mezczyzna',NULL,'22',NULL),(37,33,'mezczyzna',NULL,'Uczelnia',NULL),(38,22,'mezczyzna',NULL,'Uczelnia',NULL),(39,33,'mezczyzna',NULL,'Uczelnia',NULL),(40,33,'mezczyzna',NULL,'Uczelnia',NULL),(41,22,'mezczyzna',NULL,'Uczelnia',NULL),(42,33,'mezczyzna',NULL,'Uczelnia2',NULL),(43,44,'mezczyzna',NULL,'Uczelnia2',NULL),(44,55,'mezczyzna',NULL,'Uczelnia2',NULL),(45,22,'mezczyzna',NULL,'Uczelnia2',NULL),(46,22,'mezczyzna',NULL,'Uczelnia2',NULL),(47,22,'mezczyzna',NULL,'Uczelnia2',NULL),(48,22,'mezczyzna',NULL,'cz',NULL),(49,44,'mezczyzna',NULL,'Uczelnia2',NULL),(50,33,'mezczyzna',NULL,'Uczelnia2',NULL),(51,22,'mezczyzna',NULL,'Uczelnia',NULL),(52,33,'mezczyzna',NULL,'Uczelnia2',NULL),(53,44,'mezczyzna',NULL,'Uczelnia2',NULL),(54,18,'mezczyzna',NULL,'Uczelnia2',NULL),(55,18,'mezczyzna',NULL,'Uczelnia2',NULL),(56,22,'mezczyzna',NULL,'Uczelnia2',NULL),(57,22,'mezczyzna',NULL,'Uczelnia2',NULL),(58,22,'mezczyzna',NULL,'Uczelnia2',NULL),(59,33,'mezczyzna',NULL,'Uczelnia2',NULL),(60,22,'mezczyzna',NULL,'Uczelnia2',NULL),(61,22,'mezczyzna',NULL,'Uczelnia2',NULL),(62,22,'mezczyzna',NULL,'Uczelnia2',NULL),(63,22,'mezczyzna',NULL,'Uczelnia',NULL),(64,22,'mezczyzna',NULL,'Uczelnia2',NULL),(65,22,'mezczyzna',NULL,'Uczelnia2',NULL),(66,22,'mezczyzna',NULL,'Uczelnia',NULL),(67,22,'mezczyzna',NULL,'Uczelnia',NULL),(68,22,'mezczyzna',NULL,'Uczelnia',NULL),(69,22,'mezczyzna',NULL,'Uczelnia',NULL),(70,22,'mezczyzna',NULL,'Uczelnia',NULL),(71,22,'mezczyzna',NULL,'UczelniaUE',NULL),(72,22,'mezczyzna',NULL,'Uczelnia2',NULL),(73,22,'mezczyzna',NULL,'Uczelnia2',NULL),(74,22,'mezczyzna',NULL,'Uczelnia2',NULL),(75,22,'mezczyzna',NULL,'Uczelnia2',NULL),(76,18,'mezczyzna',NULL,'Uczelnia2',NULL),(77,22,'mezczyzna',NULL,'Uczelnia2',NULL),(78,18,'mezczyzna',NULL,'Uczelnia2',NULL),(79,22,'mezczyzna',NULL,'Uczelnia2',NULL),(80,22,'mezczyzna',NULL,'Uczelnia2',NULL),(81,22,'mezczyzna',NULL,'Uczelnia2',NULL),(82,22,'mezczyzna',NULL,'Uczelnia',NULL),(83,22,'mezczyzna',NULL,'Uczelnia',NULL),(84,22,'mezczyzna',NULL,'Uczelnia2',NULL),(85,22,'mezczyzna',NULL,'Uczelnia2',NULL),(86,22,'kobieta',NULL,'Uczelnia2',NULL),(87,22,'kobieta',NULL,'Uczelnia',NULL),(88,33,'kobieta',NULL,'Uczelnia',NULL),(89,22,'mezczyzna',NULL,'Uczelnia2',NULL),(90,28,'mezczyzna',NULL,'Uczelnia2',NULL),(91,22,'mezczyzna',NULL,'Uczelnia2',NULL),(92,22,'mezczyzna',NULL,'Uczelnia2',NULL),(93,22,'mezczyzna',NULL,'Uczelnia2',NULL),(94,22,'kobieta',NULL,'Uczelnia2',NULL),(95,22,'mezczyzna',NULL,'Uczelnia2',NULL),(96,22,'mezczyzna',NULL,'Uczelnia2',NULL),(97,22,'mezczyzna',NULL,'Uczelnia2',NULL),(98,22,'kobieta',NULL,'Uczelnia2',NULL),(99,22,'mezczyzna',NULL,'Uczelnia2',NULL),(100,22,'mezczyzna',NULL,'Uczelnia2',NULL),(101,22,'mezczyzna',NULL,'Uczelnia2',NULL),(102,22,'mezczyzna',NULL,'Uczelnia2',NULL),(103,22,'mezczyzna',NULL,'Uczelnia2',NULL),(104,22,'mezczyzna',NULL,'Uczelnia2',NULL),(105,22,'mezczyzna',NULL,'Uczelnia2',NULL),(106,22,'mezczyzna',NULL,'Uczelnia2',NULL),(107,22,'mezczyzna',NULL,'Uczelnia2',NULL),(108,22,'kobieta',NULL,'Uczelnia2',NULL),(109,33,'kobieta',NULL,'Uczelnia2',NULL),(110,22,'kobieta',NULL,'Uczelnia2',NULL),(111,22,'mezczyzna',NULL,'Uczelnia2',NULL),(112,33,'mezczyzna',NULL,'Uczelnia2',NULL),(113,22,'mezczyzna',NULL,'Uczelnia2',NULL),(114,22,'kobieta',NULL,'Uczelnia2',NULL),(115,22,'mezczyzna',NULL,'Uczelnia2',NULL),(116,22,'mezczyzna',NULL,'Uczelnia2',NULL),(117,22,'mezczyzna',NULL,'Uczelnia2',NULL),(118,22,'mezczyzna',NULL,'Uczelnia2',NULL),(119,22,'mezczyzna',NULL,'Uczelnia2',NULL),(120,22,'mezczyzna',NULL,'Uczelnia2',NULL),(121,22,'mezczyzna',NULL,'Uczelnia2',NULL),(122,22,'kobieta',NULL,'Uczelnia2',NULL),(123,22,'mezczyzna',NULL,'Uczelnia2',NULL),(124,22,'mezczyzna',NULL,'Uczelnia2',NULL),(125,22,'mezczyzna',NULL,'Uczelnia2',NULL),(126,22,'kobieta',NULL,'Uczelnia2',NULL),(127,22,'kobieta',NULL,'Uczelnia',NULL),(128,22,'mezczyzna',NULL,'Uczelnia',NULL),(129,22,'mezczyzna',NULL,'Uczelnia',NULL),(130,22,'mezczyzna',NULL,'Uczelnia',NULL),(131,33,'mezczyzna',NULL,'Uczelnia2',2),(132,33,'mezczyzna',NULL,'Uczelnia2',2),(133,22,'mezczyzna',NULL,'Uczelnia',NULL),(134,39,'kobieta',NULL,'Ue katowice',2),(135,22,'mezczyzna',NULL,'Uczelnia',NULL),(136,22,'mezczyzna',NULL,'Uczelnia',NULL),(137,22,'mezczyzna',NULL,'Uczelnia',NULL),(138,22,'mezczyzna',NULL,'Uczelnia',NULL),(139,22,'mezczyzna',NULL,'Uczelnia',NULL),(140,22,'kobieta',NULL,'Uczelnia',1),(141,22,'kobieta',NULL,'Uczelnia2',1),(142,22,'kobieta',NULL,'Uczelnia',NULL),(143,22,'mezczyzna',NULL,'Uczelnia2',NULL),(144,22,'mezczyzna',NULL,'uczlenia',1),(145,22,'mezczyzna',NULL,'Uczelnia',NULL),(146,20,'mezczyzna',NULL,'Uczelnia2',NULL),(147,33,'mezczyzna',NULL,'Uczelnia2',NULL),(148,22,'mezczyzna',NULL,'Uczelnia2',NULL),(149,22,'mezczyzna',NULL,'Uczelnia',NULL),(150,22,'mezczyzna',NULL,'Uczelnia2',NULL),(151,22,'mezczyzna',NULL,'Uczelnia',1),(152,22,'kobieta',NULL,'Uczelnia2',NULL),(153,22,'mezczyzna',NULL,'Uczelnia2',NULL),(154,22,'mezczyzna',NULL,'Uczelnia',NULL),(155,22,'mezczyzna',NULL,'Uczelnia',NULL),(156,22,'mezczyzna',NULL,'Uczelnia',NULL),(157,22,'mezczyzna',NULL,'Uczelnia',NULL),(158,22,'mezczyzna',NULL,'Uczelnia',NULL),(159,22,'mezczyzna',NULL,'Uczelnia',NULL),(160,22,'mezczyzna',NULL,'Uczelnia',NULL),(161,22,'mezczyzna',NULL,'Uczelnia',NULL),(162,22,'mezczyzna',NULL,'Uczelnia',NULL),(163,22,'mezczyzna',NULL,'uczelnia',NULL),(164,22,'mezczyzna',NULL,'Uczelnia',NULL),(165,22,'kobieta',NULL,'Uczelnia',1),(166,99,'kobieta',NULL,'Ue',NULL),(167,22,'mezczyzna',NULL,'Uczelnia2',1),(168,22,'kobieta',NULL,'Uczelnia',NULL),(169,22,'kobieta',NULL,'Uczelnia',NULL),(170,48,'mezczyzna',NULL,'Politechnika',3),(171,22,'mezczyzna',NULL,'Uczelnia',3),(172,48,'kobieta',NULL,'Blabla',NULL),(173,22,'mezczyzna',NULL,'Uczelnia2',1),(174,22,'mezczyzna',NULL,'Uczelnia2',2),(175,22,'mezczyzna',NULL,'Uczelnia2',1),(176,22,'mezczyzna',NULL,'Uczelnia2',NULL),(177,22,'mezczyzna',NULL,'Uczelnia2',1),(178,22,'mezczyzna',NULL,'Uczelnia2',NULL),(179,22,'kobieta',NULL,'Uczelnia',NULL),(180,33,'kobieta',NULL,'Reeee',NULL),(181,22,'kobieta',NULL,'WSB Merito',3),(182,48,'kobieta',NULL,'Politechnika Śląska ',3),(183,22,'kobieta',NULL,'WSB Merito',3),(184,22,'mezczyzna',NULL,'Uczelnia2',2),(185,20,'kobieta',NULL,'wsti',1),(186,21,'kobieta',NULL,'politechnika śląska',3),(187,22,'mezczyzna',NULL,'Uczelnia',NULL),(188,22,'kobieta',NULL,'Uczelnia',NULL),(189,22,'kobieta',NULL,'Uczelnia',NULL),(190,22,'mezczyzna',NULL,'Uczelnia',NULL),(191,22,'mezczyzna',NULL,'Uczelnia2',NULL),(192,22,'mezczyzna',NULL,'Uczelnia2',NULL),(193,22,'mezczyzna',NULL,'Uczelnia2',NULL),(194,22,'kobieta',NULL,'Uczelnia2',NULL),(195,22,'mezczyzna',NULL,'Uczelnia2',NULL),(196,22,'mezczyzna',NULL,'Uczelnia',NULL),(197,22,'kobieta',NULL,'Uczelnia2',NULL),(198,22,'mezczyzna',NULL,'Uczelnia2',NULL),(199,22,'kobieta',NULL,'Uczelnia2',NULL),(200,22,'mezczyzna',NULL,'2',NULL),(201,22,'mezczyzna',NULL,'Uczelnia2',NULL),(202,18,'mezczyzna',NULL,'Uczelnia',NULL),(203,22,'mezczyzna',NULL,'Uczelnia',NULL),(204,22,'mezczyzna',NULL,'Uczelnia',NULL),(205,22,'mezczyzna',NULL,'Uczelnia',NULL),(206,22,'mezczyzna',NULL,'Uczelnia',NULL),(207,22,'mezczyzna',NULL,'Uczelnia',NULL),(208,22,'mezczyzna',NULL,'Uczelnia',NULL),(209,22,'mezczyzna',NULL,'Uczelnia',NULL),(210,22,'mezczyzna',NULL,'Uczelnia',NULL),(211,22,'kobieta',NULL,'Uczelnia',NULL),(212,22,'kobieta',NULL,'Uczelnia2',NULL),(213,18,'mezczyzna',NULL,'wsti',6),(214,22,'mezczyzna',NULL,'Uczelnia2',NULL),(215,22,'mezczyzna',NULL,'wsti',1),(216,22,'mezczyzna',NULL,'Uczelnia',NULL),(217,22,'mezczyzna',NULL,'Uczelnia',NULL),(218,22,'mezczyzna',NULL,'wsti',2),(219,22,'mezczyzna',NULL,'Uczelnia2',NULL),(220,22,'mezczyzna',NULL,'Uczelnia2',NULL),(221,22,'mezczyzna',NULL,'Uczelnia2',NULL),(222,22,'kobieta',NULL,'Uczelnia2',NULL),(223,22,'mezczyzna',NULL,'Uczelnia2',NULL),(224,22,'kobieta',NULL,'Uczelnia',NULL),(225,95,'mezczyzna',2,'uczelnia',2),(226,98,'mezczyzna',NULL,'Uczelnia',NULL),(227,98,'mezczyzna',NULL,'Uczelnia',NULL),(228,22,'mezczyzna',NULL,'Uczelnia2',NULL),(229,22,'mezczyzna',NULL,'Uczelnia2',NULL),(230,77,'mezczyzna',NULL,'Uczelnia2',NULL),(231,94,'mezczyzna',NULL,'Uczelnia2',NULL),(232,95,'mezczyzna',NULL,'Uczelnia2',NULL),(233,55,'kobieta',NULL,'wsti',2),(234,92,'mezczyzna',NULL,'Uczelnia2',NULL),(235,92,'mezczyzna',NULL,'Uczelnia2',NULL),(236,92,'mezczyzna',NULL,'Uczelnia2',NULL),(237,22,'mezczyzna',NULL,'Uczelnia2',NULL),(238,22,'kobieta',NULL,'Uczelnia2',NULL),(239,22,'mezczyzna',NULL,'Uczelnia2',NULL),(240,88,'mezczyzna',NULL,'Uczelnia',NULL),(241,20,'mezczyzna',NULL,'Uczelnia',NULL),(242,76,'kobieta',NULL,'Uczelnia',NULL),(243,22,'mezczyzna',NULL,'Uczelnia',NULL),(244,55,'kobieta',NULL,'Uczelnia',NULL),(245,76,'mezczyzna',NULL,'Uczelnia',NULL),(246,22,'mezczyzna',NULL,'Uczelnia',NULL),(247,22,'mezczyzna',NULL,'Uczelnia',NULL),(248,22,'mezczyzna',NULL,'Uczelnia',NULL),(249,22,'mezczyzna',NULL,'Uczelnia',NULL),(250,22,'mezczyzna',NULL,'Uczelnia',NULL),(251,62,'mezczyzna',NULL,'Uczelnia',NULL),(252,72,'mezczyzna',NULL,'Uczelnia',NULL),(253,54,'mezczyzna',NULL,'Uczelnia',NULL),(254,66,'mezczyzna',NULL,'Uczelnia2',NULL),(255,22,'mezczyzna',NULL,'Uczelnia',NULL),(256,22,'mezczyzna',NULL,'Uczelnia',NULL),(257,82,'mezczyzna',NULL,'Uczelnia',NULL),(258,22,'mezczyzna',NULL,'Uczelnia',NULL),(259,66,'mezczyzna',NULL,'Uczelnia',NULL),(260,92,'mezczyzna',NULL,'Uczelnia2',NULL),(261,92,'mezczyzna',NULL,'Uczelnia',NULL),(262,55,'mezczyzna',NULL,'Uczelnia2',NULL),(263,33,'mezczyzna',NULL,'Uczelnia2',NULL),(264,33,'mezczyzna',NULL,'Uczelnia',NULL),(265,22,'mezczyzna',NULL,'',NULL),(266,56,'mezczyzna',NULL,'Uczelnia',NULL),(267,22,'mezczyzna',NULL,'Uczelnia',NULL),(268,55,'mezczyzna',NULL,'Uczelnia2',NULL),(269,33,'mezczyzna',NULL,'Uczelnia2',NULL),(270,33,'mezczyzna',NULL,'Uczelnia',NULL),(271,33,'mezczyzna',NULL,'Uczelnia',NULL),(272,33,'mezczyzna',NULL,'Uczelnia',NULL),(273,44,'mezczyzna',NULL,'Uczelnia',NULL),(274,33,'mezczyzna',NULL,'Uczelnia',NULL),(275,22,'mezczyzna',NULL,'Uczelnia',NULL),(276,33,'mezczyzna',NULL,'Uczelnia',NULL),(277,92,'mezczyzna',NULL,'Uczelnia',NULL),(278,87,'mezczyzna',NULL,'Uczelnia',2),(279,22,'mezczyzna',NULL,'Uczelnia',NULL),(280,22,'mezczyzna',NULL,'uczelnia',2),(281,22,'mezczyzna',NULL,'Uczelnia',3),(282,22,'mezczyzna',NULL,'Uczelnia',NULL),(283,22,'kobieta',NULL,'Uczelnia',NULL),(284,22,'mezczyzna',NULL,'Uczelnia',NULL),(285,33,'mezczyzna',NULL,'Uczelnia',NULL),(286,22,'mezczyzna',NULL,'Uczelnia',NULL),(287,22,'mezczyzna',NULL,'Uczelnia',NULL),(288,33,'kobieta',NULL,'Uczelnia',NULL),(289,44,'mezczyzna',NULL,'Uczelnia',NULL),(290,33,'mezczyzna',NULL,'Uczelnia',1),(291,44,'mezczyzna',NULL,'Uczelnia',NULL),(292,33,'mezczyzna',NULL,'Uczelnia',NULL),(293,44,'mezczyzna',NULL,'Uczelnia',NULL),(294,33,'mezczyzna',NULL,'Uczelnia',NULL),(295,33,'mezczyzna',NULL,'Uczelnia',NULL);
/*!40000 ALTER TABLE `uzytkownicy` ENABLE KEYS */;
UNLOCK TABLES;

--
-- Temporary view structure for view `uzytkownicy_mid`
--

DROP TABLE IF EXISTS `uzytkownicy_mid`;
/*!50001 DROP VIEW IF EXISTS `uzytkownicy_mid`*/;
SET @saved_cs_client     = @@character_set_client;
/*!50503 SET character_set_client = utf8mb4 */;
/*!50001 CREATE VIEW `uzytkownicy_mid` AS SELECT 
 1 AS `id_uzytkownika`,
 1 AS `wiek`,
 1 AS `plec`,
 1 AS `id_wyksztalcenia`,
 1 AS `uczelnia`,
 1 AS `id_rodzaju_wyksztalcenia`*/;
SET character_set_client = @saved_cs_client;

--
-- Temporary view structure for view `uzytkownicy_old`
--

DROP TABLE IF EXISTS `uzytkownicy_old`;
/*!50001 DROP VIEW IF EXISTS `uzytkownicy_old`*/;
SET @saved_cs_client     = @@character_set_client;
/*!50503 SET character_set_client = utf8mb4 */;
/*!50001 CREATE VIEW `uzytkownicy_old` AS SELECT 
 1 AS `id_uzytkownika`,
 1 AS `wiek`,
 1 AS `plec`,
 1 AS `id_wyksztalcenia`,
 1 AS `uczelnia`,
 1 AS `id_rodzaju_wyksztalcenia`*/;
SET character_set_client = @saved_cs_client;

--
-- Temporary view structure for view `uzytkownicy_young`
--

DROP TABLE IF EXISTS `uzytkownicy_young`;
/*!50001 DROP VIEW IF EXISTS `uzytkownicy_young`*/;
SET @saved_cs_client     = @@character_set_client;
/*!50503 SET character_set_client = utf8mb4 */;
/*!50001 CREATE VIEW `uzytkownicy_young` AS SELECT 
 1 AS `id_uzytkownika`,
 1 AS `wiek`,
 1 AS `plec`,
 1 AS `id_wyksztalcenia`,
 1 AS `uczelnia`,
 1 AS `id_rodzaju_wyksztalcenia`*/;
SET character_set_client = @saved_cs_client;

--
-- Table structure for table `wyksztalcenie`
--

DROP TABLE IF EXISTS `wyksztalcenie`;
/*!40101 SET @saved_cs_client     = @@character_set_client */;
/*!50503 SET character_set_client = utf8mb4 */;
CREATE TABLE `wyksztalcenie` (
  `id_wyksztalcenia` int NOT NULL AUTO_INCREMENT,
  `wyksztalcenie` varchar(255) NOT NULL,
  PRIMARY KEY (`id_wyksztalcenia`)
) ENGINE=InnoDB AUTO_INCREMENT=6 DEFAULT CHARSET=utf8mb4 COLLATE=utf8mb4_0900_ai_ci;
/*!40101 SET character_set_client = @saved_cs_client */;

--
-- Dumping data for table `wyksztalcenie`
--

LOCK TABLES `wyksztalcenie` WRITE;
/*!40000 ALTER TABLE `wyksztalcenie` DISABLE KEYS */;
INSERT INTO `wyksztalcenie` VALUES (1,'Średnie'),(2,'W trakcie studiów'),(3,'Z wykształceniem wyższym '),(4,'Inne');
/*!40000 ALTER TABLE `wyksztalcenie` ENABLE KEYS */;
UNLOCK TABLES;

--
-- Final view structure for view `uzytkownicy_mid`
--

/*!50001 DROP VIEW IF EXISTS `uzytkownicy_mid`*/;
/*!50001 SET @saved_cs_client          = @@character_set_client */;
/*!50001 SET @saved_cs_results         = @@character_set_results */;
/*!50001 SET @saved_col_connection     = @@collation_connection */;
/*!50001 SET character_set_client      = utf8mb4 */;
/*!50001 SET character_set_results     = utf8mb4 */;
/*!50001 SET collation_connection      = utf8mb4_0900_ai_ci */;
/*!50001 CREATE ALGORITHM=UNDEFINED */
/*!50013 DEFINER=`avnadmin`@`%` SQL SECURITY DEFINER */
/*!50001 VIEW `uzytkownicy_mid` AS select `uzytkownicy`.`id_uzytkownika` AS `id_uzytkownika`,`uzytkownicy`.`wiek` AS `wiek`,`uzytkownicy`.`plec` AS `plec`,`uzytkownicy`.`id_wyksztalcenia` AS `id_wyksztalcenia`,`uzytkownicy`.`uczelnia` AS `uczelnia`,`uzytkownicy`.`id_rodzaju_wyksztalcenia` AS `id_rodzaju_wyksztalcenia` from `uzytkownicy` where (`uzytkownicy`.`wiek` between 30 and 50) */;
/*!50001 SET character_set_client      = @saved_cs_client */;
/*!50001 SET character_set_results     = @saved_cs_results */;
/*!50001 SET collation_connection      = @saved_col_connection */;

--
-- Final view structure for view `uzytkownicy_old`
--

/*!50001 DROP VIEW IF EXISTS `uzytkownicy_old`*/;
/*!50001 SET @saved_cs_client          = @@character_set_client */;
/*!50001 SET @saved_cs_results         = @@character_set_results */;
/*!50001 SET @saved_col_connection     = @@collation_connection */;
/*!50001 SET character_set_client      = utf8mb4 */;
/*!50001 SET character_set_results     = utf8mb4 */;
/*!50001 SET collation_connection      = utf8mb4_0900_ai_ci */;
/*!50001 CREATE ALGORITHM=UNDEFINED */
/*!50013 DEFINER=`avnadmin`@`%` SQL SECURITY DEFINER */
/*!50001 VIEW `uzytkownicy_old` AS select `uzytkownicy`.`id_uzytkownika` AS `id_uzytkownika`,`uzytkownicy`.`wiek` AS `wiek`,`uzytkownicy`.`plec` AS `plec`,`uzytkownicy`.`id_wyksztalcenia` AS `id_wyksztalcenia`,`uzytkownicy`.`uczelnia` AS `uczelnia`,`uzytkownicy`.`id_rodzaju_wyksztalcenia` AS `id_rodzaju_wyksztalcenia` from `uzytkownicy` where (`uzytkownicy`.`wiek` between 50 and 100) */;
/*!50001 SET character_set_client      = @saved_cs_client */;
/*!50001 SET character_set_results     = @saved_cs_results */;
/*!50001 SET collation_connection      = @saved_col_connection */;

--
-- Final view structure for view `uzytkownicy_young`
--

/*!50001 DROP VIEW IF EXISTS `uzytkownicy_young`*/;
/*!50001 SET @saved_cs_client          = @@character_set_client */;
/*!50001 SET @saved_cs_results         = @@character_set_results */;
/*!50001 SET @saved_col_connection     = @@collation_connection */;
/*!50001 SET character_set_client      = utf8mb4 */;
/*!50001 SET character_set_results     = utf8mb4 */;
/*!50001 SET collation_connection      = utf8mb4_0900_ai_ci */;
/*!50001 CREATE ALGORITHM=UNDEFINED */
/*!50013 DEFINER=`avnadmin`@`%` SQL SECURITY DEFINER */
/*!50001 VIEW `uzytkownicy_young` AS select `uzytkownicy`.`id_uzytkownika` AS `id_uzytkownika`,`uzytkownicy`.`wiek` AS `wiek`,`uzytkownicy`.`plec` AS `plec`,`uzytkownicy`.`id_wyksztalcenia` AS `id_wyksztalcenia`,`uzytkownicy`.`uczelnia` AS `uczelnia`,`uzytkownicy`.`id_rodzaju_wyksztalcenia` AS `id_rodzaju_wyksztalcenia` from `uzytkownicy` where (`uzytkownicy`.`wiek` between 18 and 30) */;
/*!50001 SET character_set_client      = @saved_cs_client */;
/*!50001 SET character_set_results     = @saved_cs_results */;
/*!50001 SET collation_connection      = @saved_col_connection */;
SET @@SESSION.SQL_LOG_BIN = @MYSQLDUMP_TEMP_LOG_BIN;
/*!40103 SET TIME_ZONE=@OLD_TIME_ZONE */;

/*!40101 SET SQL_MODE=@OLD_SQL_MODE */;
/*!40014 SET FOREIGN_KEY_CHECKS=@OLD_FOREIGN_KEY_CHECKS */;
/*!40014 SET UNIQUE_CHECKS=@OLD_UNIQUE_CHECKS */;
/*!40101 SET CHARACTER_SET_CLIENT=@OLD_CHARACTER_SET_CLIENT */;
/*!40101 SET CHARACTER_SET_RESULTS=@OLD_CHARACTER_SET_RESULTS */;
/*!40101 SET COLLATION_CONNECTION=@OLD_COLLATION_CONNECTION */;
/*!40111 SET SQL_NOTES=@OLD_SQL_NOTES */;

-- Dump completed on 2025-03-10 19:35:18
